Date,Observation,fit 1,fit 2,fit 3,fit 4,fit 5,fit 6,fit 7,fit 8,fit 9,fit 10
"Jan 1, 1985",,,,,,,,,,,
"Jan 22, 1985",,,,,,,,,,,
"Feb 6, 1985",,,,,,,,,,,
"Mar 15, 1985",,,,,,,,,,,
"Apr 20, 1985",,,,,,,,,,,
"May 14, 1985",-0.107,,,,,,,,,,
"May 27, 1985",,-0.108,,,,,,,,,
"Jun 15, 1985",-0.187,-0.112,,,,,,,,,
"Jul 1, 1985",-0.238,-0.116,,,,,,,,,
"Jul 2, 1985",,-0.117,,,,,,,,,
"Jul 17, 1985",-0.211,-0.122,,,,,,,,,
"Aug 2, 1985",-0.023,-0.128,,,,,,,,,
"Aug 8, 1985",,-0.131,,,,,,,,,
"Aug 18, 1985",0.007,-0.135,,,,,,,,,
"Sep 13, 1985",,-0.144,,,,,,,,,
"Oct 5, 1985",-0.177,-0.143,,,,,,,,,
"Oct 20, 1985",,-0.138,,,,,,,,,
"Oct 21, 1985",-0.205,-0.137,,,,,,,,,
"Nov 6, 1985",-0.149,-0.126,,,,,,,,,
"Nov 25, 1985",,-0.111,,,,,,,,,
"Dec 8, 1985",-0.065,-0.1,,,,,,,,,
"Jan 1, 1986",,-0.084,,,,,,,,,
"Jan 9, 1986",,-0.08,,,,,,,,,
"Jan 25, 1986",-0.048,-0.076,,,,,,,,,
"Feb 6, 1986",,-0.076,,,,,,,,,
"Feb 10, 1986",-0.045,-0.076,,,,,,,,,
"Feb 26, 1986",,-0.079,,,,,,,,,
"Mar 14, 1986",,-0.084,,,,,,,,,
"Mar 15, 1986",,-0.084,,,,,,,,,
"Mar 30, 1986",-0.055,-0.091,,,,,,,,,
"Apr 15, 1986",,-0.097,,,,,,,,,
"Apr 20, 1986",,-0.098,,,,,,,,,
"May 1, 1986",,-0.102,,,,,,,,,
"May 17, 1986",-0.121,-0.106,,,,,,,,,
"May 27, 1986",,-0.108,,,,,,,,,
"Jun 2, 1986",-0.237,-0.109,,,,,,,,,
"Jun 18, 1986",-0.12,-0.112,,,,,,,,,
"Jul 2, 1986",,-0.116,,,,,,,,,
"Jul 4, 1986",-0.187,-0.117,,,,,,,,,
"Jul 20, 1986",-0.167,-0.122,,,,,,,,,
"Aug 5, 1986",-0.168,-0.129,,,,,,,,,
"Aug 8, 1986",,-0.13,,,,,,,,,
"Aug 21, 1986",-0.099,-0.136,,,,,,,,,
"Sep 6, 1986",-0.155,-0.142,,,,,,,,,
"Sep 13, 1986",,-0.143,,,,,,,,,
"Sep 22, 1986",-0.146,-0.144,,,,,,,,,
"Oct 8, 1986",-0.113,-0.142,,,,,,,,,
"Oct 20, 1986",,-0.137,,,,,,,,,
"Oct 24, 1986",-0.102,-0.135,,,,,,,,,
"Nov 9, 1986",-0.156,-0.124,,,,,,,,,
"Nov 25, 1986",,-0.111,,,,,,,,,
"Nov 25, 1986",-0.094,-0.11,,,,,,,,,
"Dec 27, 1986",,-0.086,,,,,,,,,
"Jan 1, 1987",,-0.084,,,,,,,,,
"Jan 12, 1987",,-0.079,,,,,,,,,
"Feb 4, 1987",-0.084,-0.075,,,,,,,,,
"Feb 6, 1987",,-0.075,,,,,,,,,
"Mar 1, 1987",-0.177,-0.079,,,,,,,,,
"Mar 15, 1987",,-0.084,,,,,,,,,
"Apr 2, 1987",,-0.091,,,,,,,,,
"Apr 18, 1987",-0.125,-0.097,,,,,,,,,
"Apr 20, 1987",,-0.098,,,,,,,,,
"May 4, 1987",-0.178,-0.102,,,,,,,,,
"May 27, 1987",,-0.107,,,,,,,,,
"Jun 5, 1987",,-0.109,,,,,,,,,
"Jun 21, 1987",-0.127,-0.113,,,,,,,,,
"Jul 2, 1987",,-0.115,,,,,,,,,
"Jul 7, 1987",-0.141,-0.117,,,,,,,,,
"Jul 14, 1987",-0.171,-0.119,,,,,,,,,
"Jul 23, 1987",-0.192,-0.123,,,,,,,,,
"Jul 30, 1987",-0.182,-0.126,,,,,,,,,
"Aug 8, 1987",,-0.129,,,,,,,,,
"Aug 8, 1987",-0.093,-0.13,,,,,,,,,
"Aug 24, 1987",-0.136,-0.137,,,,,,,,,
"Sep 13, 1987",,-0.142,,,,,,,,,
"Sep 25, 1987",-0.156,-0.143,,,,,,,,,
"Oct 11, 1987",-0.119,-0.14,,,,,,,,,
"Oct 20, 1987",,-0.137,,,,,,,,,
"Nov 25, 1987",,-0.11,,,,,,,,,
"Jan 1, 1988",,-0.083,,,,,,,,,
"Feb 6, 1988",,-0.075,,,,,,,,,
"Mar 14, 1988",,-0.083,,,,,,,,,
"Mar 19, 1988",-0.112,-0.085,,,,,,,,,
"Apr 4, 1988",-0.081,-0.092,,,,,,,,,
"Apr 19, 1988",,-0.097,,,,,,,,,
"May 22, 1988",-0.172,-0.106,,,,,,,,,
"May 26, 1988",,-0.107,,,,,,,,,
"Jun 7, 1988",-0.138,-0.109,,,,,,,,,
"Jun 23, 1988",,-0.113,,,,,,,,,
"Jul 2, 1988",,-0.115,,,,,,,,,
"Jul 9, 1988",-0.148,-0.117,,,,,,,,,
"Jul 25, 1988",-0.066,-0.123,,,,,,,,,
"Aug 7, 1988",,-0.129,,,,,,,,,
"Aug 10, 1988",-0.179,-0.13,,,,,,,,,
"Aug 26, 1988",-0.182,-0.137,,,,,,,,,
"Sep 11, 1988",-0.205,-0.142,,,,,,,,,
"Sep 13, 1988",,-0.142,,,,,,,,,
"Sep 27, 1988",-0.207,-0.142,,,,,,,,,
"Oct 13, 1988",,-0.138,,,,,,,,,
"Oct 19, 1988",,-0.136,,,,,,,,,
"Oct 29, 1988",,-0.13,,,,,,,,,
"Nov 14, 1988",-0.064,-0.118,,,,,,,,,
"Nov 25, 1988",,-0.109,,,,,,,,,
"Nov 30, 1988",,-0.104,,,,,,,,,
"Jan 1, 1989",,-0.083,,,,,,,,,
"Jan 17, 1989",-0.032,-0.076,,,,,,,,,
"Feb 2, 1989",,-0.074,,,,,,,,,
"Feb 6, 1989",,-0.074,,,,,,,,,
"Mar 6, 1989",-0.093,-0.08,,,,,,,,,
"Mar 15, 1989",,-0.083,,,,,,,,,
"Mar 22, 1989",-0.111,-0.086,,,,,,,,,
"Apr 7, 1989",-0.093,-0.092,,,,,,,,,
"Apr 20, 1989",,-0.096,,,,,,,,,
"Apr 23, 1989",-0.123,-0.098,,,,,,,,,
"May 25, 1989",-0.131,-0.106,,,,,,,,,
"May 27, 1989",,-0.106,,,,,,,,,
"Jun 10, 1989",-0.131,-0.109,,,,,,,,,
"Jul 2, 1989",,-0.114,,,,,,,,,
"Jul 28, 1989",-0.106,-0.124,,,,,,,,,
"Aug 8, 1989",,-0.128,,,,,,,,,
"Aug 13, 1989",-0.15,-0.131,,,,,,,,,
"Aug 29, 1989",-0.162,-0.137,,,,,,,,,
"Sep 13, 1989",,-0.141,,,,,,,,,
"Sep 30, 1989",-0.116,-0.142,,,,,,,,,
"Oct 16, 1989",-0.102,-0.137,,,,,,,,,
"Oct 20, 1989",,-0.135,,,,,,,,,
"Nov 1, 1989",-0.102,-0.128,,,,,,,,,
"Nov 17, 1989",,-0.115,,,,,,,,,
"Nov 25, 1989",,-0.109,,,,,,,,,
"Dec 3, 1989",-0.03,-0.102,,,,,,,,,
"Dec 19, 1989",,-0.09,,,,,,,,,
"Jan 1, 1990",,-0.082,,,,,,,,,
"Jan 4, 1990",-0.045,-0.08,,,,,,,,,
"Feb 5, 1990",-0.059,-0.073,,,,,,,,,
"Feb 6, 1990",,-0.073,,,,,,,,,
"Feb 21, 1990",,-0.076,,,,,,,,,
"Mar 9, 1990",-0.044,-0.08,,,,,,,,,
"Mar 15, 1990",,-0.082,,,,,,,,,
"Mar 25, 1990",-0.084,-0.086,,,,,,,,,
"Apr 10, 1990",,-0.092,,,,,,,,,
"Apr 20, 1990",,-0.096,,,,,,,,,
"Apr 26, 1990",-0.107,-0.098,,,,,,,,,
"May 12, 1990",-0.135,-0.102,,,,,,,,,
"May 27, 1990",,-0.105,,,,,,,,,
"Jun 13, 1990",-0.136,-0.109,,,,,,,,,
"Jul 2, 1990",,-0.114,,,,,,,,,
"Aug 8, 1990",,-0.128,,,,,,,,,
"Aug 16, 1990",-0.1,-0.131,,,,,,,,,
"Sep 1, 1990",-0.11,-0.138,,,,,,,,,
"Sep 13, 1990",,-0.141,,,,,,,,,
"Sep 17, 1990",-0.126,-0.141,,,,,,,,,
"Oct 3, 1990",-0.161,-0.14,,,,,,,,,
"Oct 19, 1990",-0.13,-0.135,,,,,,,,,
"Oct 20, 1990",,-0.135,,,,,,,,,
"Nov 25, 1990",,-0.108,,,,,,,,,
"Jan 1, 1991",,-0.081,,,,,,,,,
"Feb 6, 1991",,-0.073,,,,,,,,,
"Mar 15, 1991",,-0.081,,,,,,,,,
"Apr 13, 1991",-0.093,-0.093,,,,,,,,,
"Apr 20, 1991",,-0.095,,,,,,,,,
"Apr 29, 1991",-0.097,-0.098,,,,,,,,,
"May 15, 1991",-0.101,-0.102,,,,,,,,,
"May 27, 1991",,-0.105,,,,,,,,,
"May 31, 1991",-0.125,-0.106,,,,,,,,,
"Jun 16, 1991",-0.111,-0.109,,,,,,,,,
"Jul 2, 1991",,-0.113,,,,,,,,,
"Jul 2, 1991",-0.111,-0.113,,,,,,,,,
"Jul 18, 1991",-0.1,-0.118,,,,,,,,,
"Aug 3, 1991",-0.117,-0.125,,,,,,,,,
"Aug 8, 1991",,-0.127,,,,,,,,,
"Aug 19, 1991",-0.093,-0.132,,,,,,,,,
"Sep 13, 1991",,-0.14,,,,,,,,,
"Sep 20, 1991",-0.123,-0.141,,,,,,,,,
"Oct 6, 1991",-0.154,-0.139,,,,,,,,,
"Oct 20, 1991",,-0.134,,,,,,,,,
"Oct 22, 1991",,-0.133,,,,,,,,,
"Nov 25, 1991",,-0.108,,,,,,,,,
"Jan 1, 1992",,-0.081,,,,,,,,,
"Feb 6, 1992",,-0.072,,,,,,,,,
"Mar 14, 1992",,-0.081,,,,,,,,,
"Apr 19, 1992",,-0.095,,,,,,,,,
"May 1, 1992",-0.093,-0.098,,,,,,,,,
"May 17, 1992",-0.106,-0.102,,,,,,,,,
"May 26, 1992",,-0.104,,,,,,,,,
"Jun 2, 1992",-0.09,-0.106,,,,,,,,,
"Jun 18, 1992",-0.12,-0.109,,,,,,,,,
"Jul 2, 1992",,-0.112,,,,,,,,,
"Jul 4, 1992",-0.082,-0.113,,,,,,,,,
"Jul 20, 1992",-0.118,-0.119,,,,,,,,,
"Aug 5, 1992",-0.11,-0.126,,,,,,,,,
"Aug 7, 1992",,-0.127,,,,,,,,,
"Aug 21, 1992",-0.147,-0.133,,,,,,,,,
"Sep 6, 1992",-0.181,-0.138,,,,,,,,,
"Sep 13, 1992",,-0.14,,,,,,,,,
"Sep 22, 1992",-0.207,-0.14,,,,,,,,,
"Oct 8, 1992",-0.159,-0.138,,,,,,,,,
"Oct 19, 1992",,-0.133,,,,,,,,,
"Oct 24, 1992",,-0.13,,,,,,,,,
"Nov 9, 1992",-0.104,-0.119,,,,,,,,,
"Nov 25, 1992",,-0.106,,,,,,,,,
"Nov 25, 1992",-0.076,-0.106,,,,,,,,,
"Dec 27, 1992",,-0.082,,,,,,,,,
"Jan 1, 1993",,-0.08,,,,,,,,,
"Jan 28, 1993",,-0.072,,,,,,,,,
"Feb 6, 1993",,-0.072,,,,,,,,,
"Feb 13, 1993",-0.052,-0.072,,,,,,,,,
"Mar 1, 1993",-0.048,-0.076,,,,,,,,,
"Mar 15, 1993",,-0.08,,,,,,,,,
"Apr 2, 1993",-0.07,-0.088,,,,,,,,,
"Apr 18, 1993",-0.02,-0.093,,,,,,,,,
"Apr 20, 1993",,-0.094,,,,,,,,,
"May 4, 1993",-0.096,-0.098,,,,,,,,,
"May 20, 1993",-0.008,-0.102,,,,,,,,,
"May 27, 1993",,-0.104,,,,,,,,,
"Jun 21, 1993",,-0.109,,,,,,,,,
"Jul 2, 1993",,-0.112,,,,,,,,,
"Jul 7, 1993",-0.11,-0.113,,,,,,,,,
"Jul 23, 1993",-0.115,-0.119,,,,,,,,,
"Aug 8, 1993",,-0.126,,,,,,,,,
"Aug 8, 1993",-0.109,-0.126,,,,,,,,,
"Aug 24, 1993",-0.151,-0.133,,,,,,,,,
"Sep 9, 1993",-0.18,-0.138,,,,,,,,,
"Sep 13, 1993",,-0.139,,,,,,,,,
"Sep 25, 1993",-0.173,-0.14,,,,,,,,,
"Oct 20, 1993",,-0.133,,,,,,,,,
"Oct 27, 1993",-0.186,-0.129,,,,,,,,,
"Nov 12, 1993",-0.107,-0.117,,,,,,,,,
"Nov 25, 1993",,-0.106,,,,,,,,,
"Dec 30, 1993",,-0.08,,,,,,,,,
"Jan 1, 1994",,-0.08,,,,,,,,,
"Jan 15, 1994",,-0.074,,,,,,,,,
"Jan 31, 1994",,-0.071,,,,,,,,,
"Feb 6, 1994",,-0.071,,,,,,,,,
"Feb 16, 1994",,-0.072,,,,,,,,,
"Mar 4, 1994",-0.054,-0.076,,,,,,,,,
"Mar 15, 1994",,-0.08,,,,,,,,,
"Mar 20, 1994",-0.088,-0.082,,,,,,,,,
"Apr 5, 1994",-0.068,-0.088,,,,,,,,,
"Apr 20, 1994",,-0.093,,,,,,,,,
"Apr 21, 1994",-0.06,-0.094,,,,,,,,,
"May 23, 1994",-0.063,-0.102,,,,,,,,,
"May 27, 1994",,-0.103,,,,,,,,,
"Jun 8, 1994",-0.065,-0.106,,,,,,,,,
"Jun 24, 1994",,-0.109,,,,,,,,,
"Jul 2, 1994",,-0.111,,,,,,,,,
"Jul 10, 1994",-0.082,-0.114,,,,,,,,,
"Jul 26, 1994",-0.102,-0.12,,,,,,,,,
"Aug 8, 1994",,-0.125,,,,,,,,,
"Aug 11, 1994",-0.091,-0.127,,,,,,,,,
"Aug 27, 1994",-0.108,-0.134,,,,,,,,,
"Sep 12, 1994",-0.157,-0.138,,,,,,,,,
"Sep 13, 1994",,-0.138,,,,,,,,,
"Oct 14, 1994",,-0.135,,,,,,,,,
"Oct 20, 1994",,-0.132,,,,,,,,,
"Oct 30, 1994",-0.134,-0.126,,,,,,,,,
"Nov 25, 1994",,-0.106,,,,,,,,,
"Dec 1, 1994",,-0.101,,,,,,,,,
"Dec 17, 1994",,-0.088,,,,,,,,,
"Jan 1, 1995",,-0.079,,,,,,,,,
"Jan 2, 1995",,-0.078,,,,,,,,,
"Jan 18, 1995",,-0.072,,,,,,,,,
"Feb 3, 1995",,-0.07,,,,,,,,,
"Feb 6, 1995",,-0.07,,,,,,,,,
"Feb 19, 1995",-0.008,-0.072,,,,,,,,,
"Mar 7, 1995",-0.057,-0.076,,,,,,,,,
"Mar 15, 1995",,-0.079,,,,,,,,,
"Mar 23, 1995",-0.05,-0.082,,,,,,,,,
"Apr 8, 1995",-0.105,-0.089,,,,,,,,,
"Apr 20, 1995",,-0.093,,,,,,,,,
"Apr 24, 1995",-0.102,-0.094,,,,,,,,,
"May 10, 1995",,-0.099,,,,,,,,,
"May 26, 1995",-0.088,-0.102,,,,,,,,,
"May 27, 1995",,-0.102,,,,,,,,,
"Jun 11, 1995",-0.089,-0.106,,,,,,,,,
"Jun 27, 1995",-0.096,-0.109,,,,,,,,,
"Jul 2, 1995",,-0.111,,,,,,,,,
"Jul 13, 1995",-0.073,-0.114,,,,,,,,,
"Jul 29, 1995",-0.07,-0.12,,,,,,,,,
"Aug 8, 1995",,-0.125,,,,,,,,,
"Aug 14, 1995",-0.101,-0.128,,,,,,,,,
"Aug 30, 1995",-0.084,-0.134,,,,,,,,,
"Sep 13, 1995",,-0.138,,,,,,,,,
"Sep 15, 1995",-0.098,-0.138,,,,,,,,,
"Oct 1, 1995",-0.119,-0.138,,,,,,,,,
"Oct 17, 1995",-0.138,-0.133,,,,,,,,,
"Oct 20, 1995",,-0.132,,,,,,,,,
"Nov 2, 1995",,-0.123,,,,,,,,,
"Nov 18, 1995",-0.13,-0.111,,,,,,,,,
"Nov 25, 1995",,-0.105,,,,,,,,,
"Dec 20, 1995",-0.177,-0.085,,,,,,,,,
"Dec 27, 1995",-0.069,-0.081,,,,,,,,,
"Jan 1, 1996",,-0.078,,,,,,,,,
"Jan 5, 1996",-0.074,-0.076,,,,,,,,,
"Jan 12, 1996",,-0.073,,,,,,,,,
"Jan 21, 1996",-0.041,-0.071,,,,,,,,,
"Feb 6, 1996",,-0.07,,,,,,,,,
"Feb 6, 1996",-0.045,-0.07,,,,,,,,,
"Feb 22, 1996",,-0.072,,,,,,,,,
"Mar 9, 1996",,-0.077,,,,,,,,,
"Mar 14, 1996",,-0.079,,,,,,,,,
"Mar 25, 1996",-0.056,-0.083,,,,,,,,,
"Apr 10, 1996",,-0.089,,,,,,,,,
"Apr 19, 1996",,-0.092,,,,,,,,,
"Apr 26, 1996",-0.047,-0.095,,,,,,,,,
"May 12, 1996",-0.055,-0.099,,,,,,,,,
"May 26, 1996",,-0.102,,,,,,,,,
"May 28, 1996",,-0.102,,,,,,,,,
"Jun 13, 1996",-0.063,-0.106,,,,,,,,,
"Jun 20, 1996",-0.061,-0.107,,,,,,,,,
"Jun 29, 1996",-0.058,-0.109,,,,,,,,,
"Jul 2, 1996",,-0.11,,,,,,,,,
"Jul 6, 1996",-0.052,-0.112,,,,,,,,,
"Jul 15, 1996",-0.058,-0.115,,,,,,,,,
"Jul 22, 1996",,-0.117,,,,,,,,,
"Jul 31, 1996",-0.083,-0.121,,,,,,,,,
"Aug 7, 1996",,-0.124,,,,,,,,,
"Aug 7, 1996",-0.071,-0.124,,,,,,,,,
"Aug 23, 1996",-0.057,-0.131,,,,,,,,,
"Sep 1, 1996",-0.088,-0.134,,,,,,,,,
"Sep 13, 1996",,-0.137,,,,,,,,,
"Sep 17, 1996",-0.1,-0.138,,,,,,,,,
"Sep 24, 1996",-0.085,-0.138,,,,,,,,,
"Oct 3, 1996",-0.106,-0.137,,,,,,,,,
"Oct 10, 1996",-0.12,-0.135,,,,,,,,,
"Oct 19, 1996",,-0.131,,,,,,,,,
"Oct 19, 1996",,-0.131,,,,,,,,,
"Oct 26, 1996",-0.064,-0.127,,,,,,,,,
"Nov 4, 1996",,-0.121,,,,,,,,,
"Nov 11, 1996",-0.073,-0.115,,,,,,,,,
"Nov 25, 1996",,-0.104,,,,,,,,,
"Dec 13, 1996",-0.053,-0.089,,,,,,,,,
"Dec 22, 1996",,-0.083,,,,,,,,,
"Jan 1, 1997",,-0.078,,,,,,,,,
"Jan 7, 1997",-0.061,-0.075,,,,,,,,,
"Jan 14, 1997",,-0.072,,,,,,,,,
"Jan 23, 1997",-0.107,-0.07,,,,,,,,,
"Jan 30, 1997",,-0.069,,,,,,,,,
"Feb 6, 1997",,-0.069,,,,,,,,,
"Feb 8, 1997",-0.039,-0.069,,,,,,,,,
"Feb 24, 1997",-0.056,-0.072,,,,,,,,,
"Mar 12, 1997",-0.078,-0.077,,,,,,,,,
"Mar 15, 1997",,-0.078,,,,,,,,,
"Mar 28, 1997",-0.08,-0.083,,,,,,,,,
"Apr 13, 1997",-0.092,-0.089,,,,,,,,,
"Apr 20, 1997",,-0.092,,,,,,,,,
"Apr 20, 1997",-0.096,-0.092,,,,,,,,,
"Apr 29, 1997",-0.094,-0.095,,,,,,,,,
"May 6, 1997",,-0.097,,,,,,,,,
"May 15, 1997",-0.099,-0.099,,,,,,,,,
"May 22, 1997",-0.196,-0.1,,,,,,,,,
"May 27, 1997",,-0.101,,,,,,,,,
"May 31, 1997",-0.091,-0.102,,,,,,,,,
"Jun 7, 1997",-0.09,-0.104,,,,,,,,,
"Jun 16, 1997",-0.096,-0.105,,,,,,,,,
"Jun 23, 1997",-0.085,-0.107,,,,,,,,,
"Jul 2, 1997",,-0.109,,,,,,,,,
"Jul 2, 1997",-0.097,-0.109,,,,,,,,,
"Jul 18, 1997",-0.095,-0.115,,,,,,,,,
"Aug 3, 1997",-0.111,-0.121,,,,,,,,,
"Aug 8, 1997",,-0.123,,,,,,,,,
"Aug 19, 1997",,-0.129,,,,,,,,,
"Sep 4, 1997",-0.111,-0.134,,,,,,,,,
"Sep 13, 1997",,-0.136,,,,,,,,,
"Sep 20, 1997",-0.15,-0.137,,,,,,,,,
"Oct 6, 1997",-0.171,-0.136,,,,,,,,,
"Oct 20, 1997",,-0.131,,,,,,,,,
"Oct 22, 1997",-0.129,-0.129,,,,,,,,,
"Nov 23, 1997",-0.12,-0.105,,,,,,,,,
"Nov 25, 1997",,-0.104,,,,,,,,,
"Dec 9, 1997",-0.079,-0.092,,,,,,,,,
"Dec 25, 1997",-0.064,-0.081,,,,,,,,,
"Jan 1, 1998",,-0.077,,,,,,,,,
"Jan 26, 1998",,-0.069,,,,,,,,,
"Feb 6, 1998",,-0.069,,,,,,,,,
"Feb 11, 1998",-0.044,-0.069,,,,,,,,,
"Feb 27, 1998",,-0.072,,,,,,,,,
"Mar 15, 1998",,-0.077,,,,,,,,,
"Apr 16, 1998",-0.061,-0.09,,,,,,,,,
"Apr 20, 1998",,-0.091,,,,,,,,,
"May 18, 1998",-0.136,-0.099,,,,,,,,,
"May 27, 1998",,-0.101,,,,,,,,,
"Jun 19, 1998",-0.111,-0.105,,,,,,,,,
"Jul 2, 1998",,-0.109,,,,,,,,,
"Jul 5, 1998",-0.118,-0.11,,,,,,,,,
"Jul 21, 1998",-0.102,-0.115,,,,,,,,,
"Aug 6, 1998",-0.128,-0.122,,,,,,,,,
"Aug 8, 1998",,-0.123,,,,,,,,,
"Aug 22, 1998",-0.108,-0.129,,,,,,,,,
"Sep 7, 1998",-0.13,-0.135,,,,,,,,,
"Sep 13, 1998",,-0.136,,,,,,,,,
"Sep 23, 1998",,-0.137,,,,,,,,,
"Oct 9, 1998",-0.169,-0.134,,,,,,,,,
"Oct 20, 1998",,-0.13,,,,,,,,,
"Oct 25, 1998",,-0.127,,,,,,,,,
"Nov 25, 1998",,-0.103,,,,,,,,,
"Nov 26, 1998",-0.138,-0.102,,,,,,,,,
"Dec 12, 1998",,-0.089,,,,,,,,,
"Dec 28, 1998",-0.077,-0.078,,,,,,,,,
"Jan 1, 1999",,-0.077,,,,,,,,,
"Jan 13, 1999",,-0.071,,,,,,,,,
"Jan 29, 1999",-0.061,-0.068,,,,,,,,,
"Feb 6, 1999",,-0.068,,,,,,,,,
"Feb 14, 1999",,-0.069,,,,,,,,,
"Mar 2, 1999",-0.095,-0.073,,,,,,,,,
"Mar 15, 1999",,-0.077,,,,,,,,,
"Mar 18, 1999",,-0.078,,,,,,,,,
"Apr 3, 1999",,-0.084,,,,,,,,,
"Apr 19, 1999",-0.12,-0.09,,,,,,,,,
"Apr 20, 1999",,-0.09,,,,,,,,,
"May 21, 1999",-0.12,-0.099,,,,,,,,,
"May 27, 1999",,-0.1,,,,,,,,,
"Jun 6, 1999",-0.114,-0.102,,,,,,,,,
"Jun 22, 1999",-0.143,-0.106,,,,,,,,,
"Jun 30, 1999",-0.12,-0.108,,,,,,,,,
"Jul 2, 1999",,-0.108,,,,,,,,,
"Jul 8, 1999",-0.144,-0.11,,,,,,,,,
"Jul 16, 1999",-0.171,-0.113,,,,,,,,,
"Jul 24, 1999",-0.088,-0.116,,,,,,,,,
"Aug 1, 1999",-0.146,-0.119,,,,,,,,,
"Aug 8, 1999",,-0.122,,,,,,,,,
"Aug 9, 1999",,-0.123,,,,,,,,,
"Aug 17, 1999",-0.146,-0.126,,,,,,,,,
"Aug 25, 1999",-0.112,-0.13,,,,,,,,,
"Sep 2, 1999",-0.146,-0.133,,,,,,,,,
"Sep 10, 1999",-0.167,-0.135,,,,,,,,,
"Sep 13, 1999",,-0.135,,,,,,,,,
"Sep 18, 1999",-0.126,-0.136,,,,,,,,,
"Sep 26, 1999",-0.131,-0.136,,,,,,,,,
"Oct 4, 1999",-0.147,-0.135,,,,,,,,,
"Oct 12, 1999",-0.174,-0.133,,,,,,,,,
"Oct 20, 1999",,-0.129,,,,,,,,,
"Oct 20, 1999",-0.12,-0.129,,,,,,,,,
"Nov 5, 1999",-0.122,-0.119,,,,,,,,,
"Nov 13, 1999",-0.093,-0.113,,,,,,,,,
"Nov 21, 1999",-0.103,-0.106,,,,,,,,,
"Nov 25, 1999",,-0.103,,,,,,,,,
"Dec 7, 1999",,-0.093,,,,,,,,,
"Dec 15, 1999",-0.139,-0.086,,,,,,,,,
"Dec 23, 1999",-0.138,-0.081,,,,,,,,,
"Dec 31, 1999",,-0.076,,,,,,,,,
"Jan 1, 2000",,-0.076,,,,,,,,,
"Jan 8, 2000",,-0.072,,,,,,,,,
"Jan 16, 2000",,-0.07,,,,,,,,,
"Feb 1, 2000",-0.117,-0.067,,,,,,,,,
"Feb 6, 2000",,-0.067,,,,,,,,,
"Feb 9, 2000",,-0.068,,,,,,,,,
"Feb 17, 2000",-0.084,-0.069,,,,,,,,,
"Feb 25, 2000",-0.061,-0.07,,,,,,,,,
"Mar 4, 2000",-0.075,-0.073,,,,,,,,,
"Mar 12, 2000",,-0.076,,,,,,,,,
"Mar 14, 2000",,-0.076,,,,,,,,,
"Mar 20, 2000",-0.081,-0.079,,,,,,,,,
"Mar 28, 2000",-0.165,-0.082,,,,,,,,,
"Apr 12, 2000",-0.089,-0.087,,,,,,,,,
"Apr 13, 2000",-0.11,-0.088,,,,,,,,,
"Apr 19, 2000",,-0.09,,,,,,,,,
"Apr 21, 2000",-0.086,-0.091,,,,,,,,,
"Apr 29, 2000",-0.134,-0.093,,,,,,,,,
"May 15, 2000",,-0.097,,,,,,,,,
"May 23, 2000",,-0.099,,,,,,,,,
"May 26, 2000",,-0.1,,,,,,,,,
"May 31, 2000",-0.099,-0.101,,,,,,,,,
"Jun 16, 2000",-0.107,-0.104,,,,,,,,,
"Jun 24, 2000",-0.105,-0.106,,,,,,,,,
"Jul 2, 2000",,-0.108,,,,,,,,,
"Jul 2, 2000",-0.087,-0.108,,,,,,,,,
"Jul 18, 2000",-0.114,-0.113,,,,,,,,,
"Jul 26, 2000",-0.15,-0.117,,,,,,,,,
"Aug 3, 2000",-0.11,-0.12,,,,,,,,,
"Aug 7, 2000",,-0.122,,,,,,,,,
"Aug 11, 2000",-0.12,-0.124,,,,,,,,,
"Aug 19, 2000",-0.119,-0.127,,,,,,,,,
"Aug 27, 2000",-0.16,-0.13,,,,,,,,,
"Sep 4, 2000",-0.171,-0.133,,,,,,,,,
"Sep 12, 2000",-0.193,-0.135,,,,,,,,,
"Sep 13, 2000",,-0.135,,,,,,,,,
"Sep 20, 2000",-0.189,-0.135,,,,,,,,,
"Sep 28, 2000",-0.178,-0.135,,,,,,,,,
"Oct 6, 2000",-0.146,-0.134,,,,,,,,,
"Oct 14, 2000",-0.134,-0.131,,,,,,,,,
"Oct 19, 2000",,-0.128,,,,,,,,,
"Oct 22, 2000",-0.153,-0.127,,,,,,,,,
"Oct 30, 2000",,-0.122,,,,,,,,,
"Nov 7, 2000",-0.124,-0.116,,,,,,,,,
"Nov 23, 2000",-0.083,-0.103,,,,,,,,,
"Nov 25, 2000",,-0.101,,,,,,,,,
"Dec 1, 2000",,-0.096,,,,,,,,,
"Dec 9, 2000",,-0.09,,,,,,,,,
"Dec 17, 2000",,-0.084,,,,,,,,,
"Dec 25, 2000",-0.078,-0.078,,,,,,,,,
"Jan 1, 2001",,-0.075,,,,,,,,,
"Jan 2, 2001",,-0.074,,,,,,,,,
"Jan 18, 2001",-0.067,-0.069,,,,,,,,,
"Jan 26, 2001",,-0.067,,,,,,,,,
"Feb 3, 2001",-0.067,-0.067,,,,,,,,,
"Feb 6, 2001",,-0.067,,,,,,,,,
"Feb 11, 2001",,-0.067,,,,,,,,,
"Feb 19, 2001",-0.038,-0.068,,,,,,,,,
"Feb 27, 2001",-0.049,-0.07,,,,,,,,,
"Mar 7, 2001",,-0.073,,,,,,,,,
"Mar 15, 2001",,-0.075,,,,,,,,,
"Mar 15, 2001",,-0.076,,,,,,,,,
"Mar 23, 2001",-0.108,-0.079,,,,,,,,,
"Mar 31, 2001",-0.09,-0.082,,,,,,,,,
"Apr 8, 2001",-0.057,-0.085,,,,,,,,,
"Apr 16, 2001",-0.084,-0.088,,,,,,,,,
"Apr 20, 2001",,-0.089,,,,,,,,,
"Apr 24, 2001",-0.094,-0.091,,,,,,,,,
"May 2, 2001",-0.137,-0.093,,,,,,,,,
"May 10, 2001",-0.033,-0.095,,,,,,,,,
"May 18, 2001",-0.125,-0.097,,,,,,,,,
"May 26, 2001",-0.109,-0.099,,,,,,,,,
"May 27, 2001",,-0.099,,,,,,,,,
"Jun 3, 2001",-0.112,-0.1,,,,,,,,,
"Jun 11, 2001",-0.033,-0.102,,,,,,,,,
"Jun 19, 2001",-0.125,-0.104,,,,,,,,,
"Jun 27, 2001",,-0.106,,,,,,,,,
"Jul 2, 2001",,-0.107,,,,,,,,,
"Jul 5, 2001",-0.109,-0.108,,,,,,,,,
"Jul 13, 2001",-0.134,-0.111,,,,,,,,,
"Jul 21, 2001",-0.037,-0.114,,,,,,,,,
"Jul 29, 2001",-0.112,-0.117,,,,,,,,,
"Aug 6, 2001",-0.149,-0.12,,,,,,,,,
"Aug 8, 2001",,-0.121,,,,,,,,,
"Aug 14, 2001",-0.116,-0.124,,,,,,,,,
"Aug 22, 2001",-0.109,-0.127,,,,,,,,,
"Aug 30, 2001",-0.138,-0.13,,,,,,,,,
"Sep 7, 2001",-0.121,-0.133,,,,,,,,,
"Sep 13, 2001",,-0.134,,,,,,,,,
"Sep 15, 2001",-0.146,-0.134,,,,,,,,,
"Sep 23, 2001",,-0.135,,,,,,,,,
"Oct 1, 2001",-0.183,-0.134,,,,,,,,,
"Oct 17, 2001",-0.117,-0.129,,,,,,,,,
"Oct 20, 2001",,-0.128,,,,,,,,,
"Oct 25, 2001",-0.146,-0.125,,,,,,,,,
"Nov 2, 2001",-0.128,-0.12,,,,,,,,,
"Nov 10, 2001",-0.185,-0.114,,,,,,,,,
"Nov 25, 2001",,-0.102,,,,,,,,,
"Nov 26, 2001",-0.145,-0.1,,,,,,,,,
"Dec 4, 2001",-0.117,-0.094,,,,,,,,,
"Dec 12, 2001",,-0.087,,,,,,,,,
"Dec 20, 2001",,-0.082,,,,,,,,,
"Jan 1, 2002",,-0.075,,,,,,,,,
"Jan 5, 2002",,-0.072,,,,,,,,,
"Jan 29, 2002",,-0.066,,,,,,,,,
"Feb 6, 2002",,-0.066,,,,,,,,,
"Feb 6, 2002",,-0.066,,,,,,,,,
"Feb 14, 2002",,-0.067,,,,,,,,,
"Feb 22, 2002",,-0.069,,,,,,,,,
"Mar 2, 2002",-0.138,-0.071,,,,,,,,,
"Mar 15, 2002",,-0.075,,,,,,,,,
"Mar 18, 2002",-0.087,-0.076,,,,,,,,,
"Apr 3, 2002",-0.091,-0.083,,,,,,,,,
"Apr 19, 2002",-0.115,-0.088,,,,,,,,,
"Apr 20, 2002",,-0.089,,,,,,,,,
"May 5, 2002",-0.119,-0.093,,,,,,,,,
"May 13, 2002",-0.125,-0.095,,,,,,,,,
"May 21, 2002",,-0.097,,,,,,,,,
"May 27, 2002",,-0.098,,,,,,,,,
"Jun 6, 2002",-0.131,-0.1,,,,,,,,,
"Jun 14, 2002",-0.138,-0.102,,,,,,,,,
"Jun 22, 2002",-0.119,-0.104,,,,,,,,,
"Jun 30, 2002",-0.106,-0.106,,,,,,,,,
"Jul 2, 2002",,-0.106,,,,,,,,,
"Jul 8, 2002",-0.119,-0.108,,,,,,,,,
"Jul 16, 2002",-0.085,-0.111,,,,,,,,,
"Jul 24, 2002",-0.103,-0.114,,,,,,,,,
"Aug 1, 2002",-0.132,-0.118,,,,,,,,,
"Aug 8, 2002",,-0.12,,,,,,,,,
"Aug 9, 2002",-0.117,-0.121,,,,,,,,,
"Aug 17, 2002",,-0.125,,,,,,,,,
"Aug 25, 2002",-0.126,-0.128,,,,,,,,,
"Sep 2, 2002",-0.132,-0.131,,,,,,,,,
"Sep 10, 2002",-0.156,-0.133,,,,,,,,,
"Sep 13, 2002",,-0.133,,,,,,,,,
"Sep 18, 2002",-0.143,-0.134,,,,,,,,,
"Sep 26, 2002",-0.159,-0.134,,,,,,,,,
"Oct 4, 2002",-0.157,-0.133,,,,,,,,,
"Oct 12, 2002",,-0.131,,,,,,,,,
"Oct 20, 2002",,-0.128,,,,,,,,,
"Oct 20, 2002",,-0.127,,,,,,,,,
"Oct 28, 2002",-0.164,-0.123,,,,,,,,,
"Nov 5, 2002",-0.12,-0.117,,,,,,,,,
"Nov 13, 2002",-0.109,-0.111,,,,,,,,,
"Nov 21, 2002",,-0.104,,,,,,,,,
"Nov 25, 2002",,-0.101,,,,,,,,,
"Nov 29, 2002",,-0.097,,,,,,,,,
"Dec 7, 2002",,-0.091,,,,,,,,,
"Dec 23, 2002",-0.085,-0.079,,,,,,,,,
"Dec 31, 2002",,-0.074,,,,,,,,,
"Jan 1, 2003",,-0.074,,,,,,,,,
"Jan 8, 2003",,-0.071,,,,,,,,,
"Jan 16, 2003",,-0.068,,,,,,,,,
"Jan 24, 2003",,-0.066,,,,,,,,,
"Feb 1, 2003",,-0.066,,,,,,,,,
"Feb 6, 2003",,-0.066,,,,,,,,,
"Feb 9, 2003",-0.138,-0.066,,,,,,,,,
"Feb 16, 2003",-0.054,-0.067,,,,,,,,,
"Feb 17, 2003",,-0.067,,,,,,,,,
"Feb 25, 2003",,-0.069,,,,,,,,,
"Mar 4, 2003",-0.109,-0.071,,,,,,,,,
"Mar 5, 2003",-0.11,-0.071,,,,,,,,,
"Mar 13, 2003",,-0.074,,,,,,,,,
"Mar 15, 2003",,-0.074,,,,,,,,,
"Mar 20, 2003",,-0.076,,,,,,,,,
"Mar 21, 2003",-0.114,-0.077,,,,,,,,,
"Mar 29, 2003",-0.119,-0.08,,,,,,,,,
"Apr 6, 2003",,-0.083,,,,,,,,,
"Apr 14, 2003",-0.139,-0.086,,,,,,,,,
"Apr 20, 2003",,-0.088,,,,,,,,,
"Apr 22, 2003",-0.123,-0.089,,,,,,,,,
"Apr 30, 2003",-0.145,-0.091,,,,,,,,,
"May 16, 2003",-0.123,-0.095,,,,,,,,,
"May 24, 2003",-0.147,-0.097,,,,,,,,,
"May 27, 2003",,-0.098,,,,,,,,,
"Jun 1, 2003",-0.142,-0.099,,,,,,,,,
"Jul 2, 2003",,-0.106,,,,,,,,,
"Jul 3, 2003",-0.086,-0.106,,,,,,,,,
"Jul 19, 2003",-0.141,-0.112,,,,,,,,,
"Jul 27, 2003",-0.104,-0.115,,,,,,,,,
"Aug 4, 2003",-0.127,-0.118,,,,,,,,,
"Aug 8, 2003",,-0.12,,,,,,,,,
"Aug 12, 2003",-0.144,-0.122,,,,,,,,,
"Aug 20, 2003",-0.13,-0.125,,,,,,,,,
"Aug 28, 2003",,-0.128,,,,,,,,,
"Sep 5, 2003",-0.149,-0.131,,,,,,,,,
"Sep 13, 2003",,-0.133,,,,,,,,,
"Sep 21, 2003",-0.163,-0.134,,,,,,,,,
"Sep 29, 2003",,-0.133,,,,,,,,,
"Oct 7, 2003",-0.149,-0.132,,,,,,,,,
"Oct 15, 2003",-0.183,-0.129,,,,,,,,,
"Oct 20, 2003",,-0.127,,,,,,,,,
"Oct 23, 2003",-0.177,-0.125,,,,,,,,,
"Nov 16, 2003",-0.141,-0.108,,,,,,,,,
"Nov 24, 2003",,-0.101,,,,,,,,,
"Nov 25, 2003",,-0.1,,,,,,,,,
"Dec 2, 2003",,-0.094,,,,,,,,,
"Dec 10, 2003",,-0.088,,,,,,,,,
"Dec 18, 2003",,-0.082,,,,,,,,,
"Dec 26, 2003",,-0.077,,,,,,,,,
"Jan 1, 2004",,-0.074,,,,,,,,,
"Jan 3, 2004",-0.098,-0.072,,,,,,,,,
"Jan 11, 2004",,-0.069,,,,,,,,,
"Jan 19, 2004",,-0.066,,,,,,,,,
"Feb 4, 2004",,-0.065,,,,,,,,,
"Feb 6, 2004",,-0.065,,,,,,,,,
"Feb 12, 2004",-0.132,-0.066,,,,,,,,,
"Feb 20, 2004",,-0.067,,,,,,,,,
"Feb 28, 2004",,-0.069,,,,,,,,,
"Mar 7, 2004",-0.122,-0.071,,,,,,,,,
"Mar 14, 2004",,-0.074,,,,,,,,,
"Mar 15, 2004",-0.135,-0.074,,,,,,,,,
"Mar 23, 2004",-0.134,-0.077,,,,,,,,,
"Mar 31, 2004",-0.126,-0.081,,,,,,,,,
"Apr 7, 2004",-0.088,-0.083,,,,,,,,,
"Apr 8, 2004",-0.1,-0.084,,,,,,,,,
"Apr 16, 2004",-0.125,-0.086,,,,,,,,,
"Apr 19, 2004",,-0.088,,,,,,,,,
"Apr 23, 2004",-0.104,-0.089,,,,,,,,,
"Apr 24, 2004",,-0.089,,,,,,,,,
"May 2, 2004",-0.117,-0.092,,,,,,,,,
"May 9, 2004",,-0.093,,,,,,,,,
"May 10, 2004",,-0.094,,,,,,,,,
"May 18, 2004",-0.146,-0.096,,,,,,,,,
"May 25, 2004",,-0.097,,,,,,,,,
"May 26, 2004",,-0.097,,,,,,,,,
"May 26, 2004",,-0.097,,,,,,,,,
"Jun 3, 2004",,-0.099,,,,,,,,,
"Jun 10, 2004",,-0.1,,,,,,,,,
"Jun 11, 2004",-0.165,-0.1,,,,,,,,,
"Jun 19, 2004",-0.046,-0.102,,,,,,,,,
"Jun 26, 2004",-0.122,-0.104,,,,,,,,,
"Jun 27, 2004",-0.133,-0.104,,,,,,,,,
"Jul 2, 2004",,-0.105,,,,,,,,,
"Jul 5, 2004",-0.149,-0.106,,,,,,,,,
"Jul 13, 2004",-0.106,-0.109,,,,,,,,,
"Jul 21, 2004",-0.12,-0.112,,,,,,,,,
"Jul 28, 2004",,-0.115,,,,,,,,,
"Jul 29, 2004",,-0.115,,,,,,,,,
"Aug 6, 2004",-0.114,-0.119,,,,,,,,,
"Aug 7, 2004",,-0.119,,,,,,,,,
"Aug 13, 2004",-0.127,-0.122,,,,,,,,,
"Aug 14, 2004",,-0.123,,,,,,,,,
"Aug 22, 2004",,-0.126,,,,,,,,,
"Aug 29, 2004",-0.176,-0.129,,,,,,,,,
"Aug 30, 2004",-0.177,-0.129,,,,,,,,,
"Sep 7, 2004",-0.206,-0.131,,,,,,,,,
"Sep 13, 2004",,-0.132,,,,,,,,,
"Sep 15, 2004",,-0.133,,,,,,,,,
"Sep 23, 2004",-0.233,-0.133,,,,,,,,,
"Oct 1, 2004",-0.167,-0.132,,,,,,,,,
"Oct 9, 2004",-0.11,-0.13,,,,,,,,,
"Oct 19, 2004",,-0.126,,,,,,,,,
"Oct 25, 2004",-0.088,-0.123,,,,,,,,,
"Nov 2, 2004",-0.083,-0.117,,,,,,,,,
"Nov 17, 2004",,-0.105,,,,,,,,,
"Nov 18, 2004",,-0.105,,,,,,,,,
"Nov 25, 2004",,-0.099,,,,,,,,,
"Nov 26, 2004",-0.086,-0.098,,,,,,,,,
"Dec 4, 2004",,-0.091,,,,,,,,,
"Dec 12, 2004",,-0.085,,,,,,,,,
"Dec 20, 2004",,-0.079,,,,,,,,,
"Jan 1, 2005",,-0.073,,,,,,,,,
"Jan 5, 2005",,-0.071,,,,,,,,,
"Jan 21, 2005",,-0.065,,,,,,,,,
"Jan 29, 2005",-0.021,-0.064,,,,,,,,,
"Feb 6, 2005",,-0.064,,,,,,,,,
"Feb 6, 2005",-0.09,-0.064,,,,,,,,,
"Feb 22, 2005",-0.029,-0.067,,,,,,,,,
"Mar 2, 2005",,-0.069,,,,,,,,,
"Mar 10, 2005",,-0.072,,,,,,,,,
"Mar 15, 2005",,-0.073,,,,,,,,,
"Mar 26, 2005",,-0.078,,,,,,,,,
"Apr 11, 2005",-0.106,-0.084,,,,,,,,,
"Apr 19, 2005",-0.121,-0.087,,,,,,,,,
"Apr 20, 2005",,-0.087,,,,,,,,,
"Apr 27, 2005",,-0.089,,,,,,,,,
"May 13, 2005",-0.138,-0.094,,,,,,,,,
"May 21, 2005",-0.122,-0.095,,,,,,,,,
"May 27, 2005",,-0.096,,,,,,,,,
"May 29, 2005",,-0.097,,,,,,,,,
"Jun 6, 2005",-0.144,-0.099,,,,,,,,,
"Jun 22, 2005",-0.1,-0.102,,,,,,,,,
"Jun 30, 2005",,-0.104,,,,,,,,,
"Jul 2, 2005",,-0.105,,,,,,,,,
"Jul 8, 2005",-0.115,-0.106,,,,,,,,,
"Jul 16, 2005",,-0.109,,,,,,,,,
"Jul 24, 2005",-0.118,-0.112,,,,,,,,,
"Aug 1, 2005",,-0.116,,,,,,,,,
"Aug 8, 2005",,-0.119,,,,,,,,,
"Aug 9, 2005",-0.095,-0.119,,,,,,,,,
"Aug 17, 2005",-0.131,-0.123,,,,,,,,,
"Aug 25, 2005",-0.139,-0.126,,,,,,,,,
"Sep 2, 2005",-0.173,-0.129,,,,,,,,,
"Sep 10, 2005",-0.177,-0.131,,,,,,,,,
"Sep 13, 2005",,-0.132,,,,,,,,,
"Sep 18, 2005",-0.183,-0.132,,,,,,,,,
"Sep 26, 2005",-0.202,,,,,,,,,,
"Oct 12, 2005",-0.217,,,,,,,,,,
"Oct 20, 2005",,,,,,,,,,,
"Oct 20, 2005",-0.183,,,,,,,,,,
"Oct 28, 2005",-0.21,,,,,,,,,,
"Nov 4, 2005",,,,,,,,,,,
"Nov 5, 2005",-0.218,,,,,,,,,,
"Nov 13, 2005",,,,,,,,,,,
"Nov 20, 2005",,,,,,,,,,,
"Nov 21, 2005",-0.203,,,,,,,,,,
"Nov 25, 2005",,,,,,,,,,,
"Dec 7, 2005",,,,,,,,,,,
"Dec 23, 2005",,,,,,,,,,,
"Jan 1, 2006",,,,,,,,,,,
"Jan 8, 2006",-0.103,,,,,,,,,,
"Jan 16, 2006",,,,,,,,,,,
"Jan 23, 2006",-0.116,,,,,,,,,,
"Jan 24, 2006",,,,,,,,,,,
"Feb 1, 2006",-0.087,,,,,,,,,,
"Feb 6, 2006",,,,,,,,,,,
"Feb 8, 2006",-0.125,,,,,,,,,,
"Feb 9, 2006",-0.103,,,,,,,,,,
"Feb 24, 2006",-0.112,,,,,,,,,,
"Feb 25, 2006",,,,,,,,,,,
"Mar 13, 2006",,,,,,,,,,,
"Mar 15, 2006",,,,,,,,,,,
"Apr 6, 2006",-0.106,,,,,,,,,,
"Apr 20, 2006",,,,,,,,,,,
"Apr 30, 2006",-0.139,,,,,,,,,,
"May 8, 2006",-0.11,,,,,,,,,,
"May 15, 2006",,,,,,,,,,,
"May 16, 2006",-0.137,,,,,,,,,,
"May 24, 2006",-0.095,,,,,,,,,,
"May 27, 2006",,,,,,,,,,,
"May 31, 2006",-0.116,,,,,,,,,,
"Jun 1, 2006",-0.116,,,,,,,,,,
"Jun 9, 2006",-0.161,,,,,,,,,,
"Jun 16, 2006",-0.111,,,,,,,,,,
"Jun 17, 2006",,,,,,,,,,,
"Jun 25, 2006",-0.124,,,,,,,,,,
"Jul 2, 2006",,,,,,,,,,,
"Jul 3, 2006",-0.095,,,,,,,,,,
"Jul 11, 2006",-0.153,,,,,,,,,,
"Jul 19, 2006",,,,,,,,,,,
"Jul 27, 2006",-0.148,,,,,,,,,,
"Aug 4, 2006",-0.153,,,,,,,,,,
"Aug 8, 2006",,,,,,,,,,,
"Aug 12, 2006",-0.13,,,,,,,,,,
"Aug 20, 2006",-0.126,,,,,,,,,,
"Aug 28, 2006",-0.149,,,,,,,,,,
"Sep 5, 2006",-0.161,,,,,,,,,,
"Sep 13, 2006",,,,,,,,,,,
"Sep 13, 2006",-0.175,,,,,,,,,,
"Sep 21, 2006",-0.166,,,,,,,,,,
"Sep 29, 2006",-0.18,,,,,,,,,,
"Oct 7, 2006",-0.157,,,,,,,,,,
"Oct 15, 2006",,,,,,,,,,,
"Oct 20, 2006",,,,,,,,,,,
"Oct 23, 2006",-0.183,,,,,,,,,,
"Oct 31, 2006",-0.18,,,,,,,,,,
"Nov 8, 2006",,,,,,,,,,,
"Nov 16, 2006",-0.1,,,,,,,,,,
"Nov 24, 2006",-0.201,,,,,,,,,,
"Nov 25, 2006",,,,,,,,,,,
"Dec 2, 2006",-0.17,,,,,,,,,,
"Dec 18, 2006",-0.154,,,,,,,,,,
"Jan 1, 2007",,,,,,,,,,,
"Jan 3, 2007",,,,,,,,,,,
"Jan 11, 2007",-0.228,,,,,,,,,,
"Jan 19, 2007",-0.286,,,,,,,,,,
"Jan 27, 2007",,,,,,,,,,,
"Feb 4, 2007",,,,,,,,,,,
"Feb 6, 2007",,,,,,,,,,,
"Feb 12, 2007",,,,,,,,,,,
"Feb 20, 2007",-0.256,,,,,,,,,,
"Feb 28, 2007",-0.167,,-0.181,,,,,,,,
"Mar 8, 2007",-0.275,,-0.193,,,,,,,,
"Mar 15, 2007",,,-0.203,,,,,,,,
"Mar 16, 2007",-0.216,,-0.206,,,,,,,,
"Mar 24, 2007",-0.203,,-0.218,,,,,,,,
"Apr 1, 2007",-0.263,,-0.23,,,,,,,,
"Apr 9, 2007",-0.238,,-0.241,,,,,,,,
"Apr 17, 2007",-0.29,,-0.251,,,,,,,,
"Apr 20, 2007",,,-0.255,,,,,,,,
"Apr 25, 2007",-0.252,,-0.26,,,,,,,,
"May 3, 2007",,,-0.268,,,,,,,,
"May 11, 2007",-0.24,,-0.275,,,,,,,,
"May 19, 2007",-0.288,,-0.281,,,,,,,,
"May 27, 2007",,,-0.285,,,,,,,,
"May 27, 2007",-0.22,,-0.286,,,,,,,,
"Jun 4, 2007",,,-0.29,,,,,,,,
"Jun 12, 2007",-0.226,,-0.294,,,,,,,,
"Jun 20, 2007",,,-0.297,,,,,,,,
"Jun 28, 2007",-0.251,,-0.3,,,,,,,,
"Jul 2, 2007",,,-0.301,,,,,,,,
"Jul 6, 2007",,,-0.302,,,,,,,,
"Jul 14, 2007",-0.283,,-0.304,,,,,,,,
"Jul 22, 2007",-0.237,,-0.306,,,,,,,,
"Jul 30, 2007",-0.279,,-0.307,,,,,,,,
"Aug 7, 2007",,,-0.308,,,,,,,,
"Aug 8, 2007",,,-0.308,,,,,,,,
"Aug 15, 2007",-0.259,,-0.307,,,,,,,,
"Aug 23, 2007",-0.253,,-0.306,,,,,,,,
"Aug 31, 2007",,,-0.303,,,,,,,,
"Sep 8, 2007",,,-0.299,,,,,,,,
"Sep 13, 2007",,,-0.295,,,,,,,,
"Sep 16, 2007",-0.293,,-0.293,,,,,,,,
"Sep 24, 2007",,,-0.285,,,,,,,,
"Oct 2, 2007",-0.326,,-0.276,,,,,,,,
"Oct 10, 2007",-0.25,,-0.266,,,,,,,,
"Oct 20, 2007",,,-0.252,,,,,,,,
"Oct 26, 2007",,,-0.242,,,,,,,,
"Nov 11, 2007",,,-0.216,,,,,,,,
"Nov 25, 2007",,,-0.194,,,,,,,,
"Nov 27, 2007",,,-0.191,,,,,,,,
"Dec 13, 2007",,,-0.172,,,,,,,,
"Dec 29, 2007",,,-0.161,,,,,,,,
"Jan 1, 2008",,,-0.16,,,,,,,,
"Jan 14, 2008",-0.141,,-0.16,,,,,,,,
"Jan 30, 2008",,,-0.17,,,,,,,,
"Feb 6, 2008",,,-0.176,,,,,,,,
"Feb 7, 2008",-0.159,,-0.178,,,,,,,,
"Feb 15, 2008",-0.208,,-0.187,,,,,,,,
"Mar 2, 2008",,,-0.211,,,,,,,,
"Mar 10, 2008",,,-0.223,,,,,,,,
"Mar 14, 2008",,,-0.228,,,,,,,,
"Mar 18, 2008",-0.239,,-0.236,,,,,,,,
"Mar 26, 2008",-0.304,,-0.248,,,,,,,,
"Apr 3, 2008",-0.269,,-0.259,,,,,,,,
"Apr 11, 2008",-0.303,,-0.27,,,,,,,,
"Apr 19, 2008",-0.33,,-0.28,,,,,,,,
"Apr 19, 2008",,,-0.28,,,,,,,,
"Apr 27, 2008",-0.327,,-0.289,,,,,,,,
"May 5, 2008",-0.312,,-0.296,,,,,,,,
"May 13, 2008",-0.327,,-0.303,,,,,,,,
"May 21, 2008",-0.354,,-0.308,,,,,,,,
"May 26, 2008",,,-0.311,,,,,,,,
"May 29, 2008",-0.359,,-0.313,,,,,,,,
"Jun 6, 2008",-0.321,,-0.317,,,,,,,,
"Jun 14, 2008",-0.291,,-0.32,,,,,,,,
"Jun 22, 2008",-0.339,,-0.323,,,,,,,,
"Jun 30, 2008",-0.31,,-0.326,,,,,,,,
"Jul 2, 2008",,,-0.326,,,,,,,,
"Jul 8, 2008",,,-0.328,,,,,,,,
"Jul 16, 2008",,,-0.33,,,,,,,,
"Jul 24, 2008",,,-0.332,,,,,,,,
"Aug 1, 2008",-0.306,,-0.333,,,,,,,,
"Aug 7, 2008",,,-0.333,,,,,,,,
"Aug 9, 2008",-0.344,,-0.333,,,,,,,,
"Aug 17, 2008",-0.372,,-0.332,,,,,,,,
"Aug 25, 2008",,,-0.33,,,,,,,,
"Sep 2, 2008",-0.298,,-0.326,,,,,,,,
"Sep 10, 2008",,,-0.322,,,,,,,,
"Sep 13, 2008",,,-0.32,,,,,,,,
"Sep 18, 2008",-0.296,,-0.315,,,,,,,,
"Sep 26, 2008",,,-0.307,,,,,,,,
"Oct 4, 2008",,,-0.298,,,,,,,,
"Oct 12, 2008",-0.348,,-0.287,,,,,,,,
"Oct 19, 2008",,,-0.276,,,,,,,,
"Oct 20, 2008",-0.34,,-0.275,,,,,,,,
"Oct 28, 2008",-0.256,,-0.262,,,,,,,,
"Nov 13, 2008",,,-0.236,,,,,,,,
"Nov 25, 2008",,,-0.218,,,,,,,,
"Nov 29, 2008",,,-0.212,,,,,,,,
"Dec 15, 2008",,,-0.194,,,,,,,,
"Dec 31, 2008",,,-0.185,,,,,,,,
"Jan 1, 2009",,,-0.186,,,,,,,,
"Jan 8, 2009",,,-0.185,,,,,,,,
"Jan 15, 2009",,,-0.186,,,,,,,,
"Jan 16, 2009",,,-0.186,,,,,,,,
"Jan 31, 2009",,,-0.196,,,,,,,,
"Feb 1, 2009",-0.193,,-0.197,,,,,,,,
"Feb 6, 2009",,,-0.201,,,,,,,,
"Feb 9, 2009",,,-0.205,,,,,,,,
"Feb 25, 2009",-0.136,,-0.227,,,,,,,,
"Mar 4, 2009",-0.025,,-0.237,,,,,,,,
"Mar 5, 2009",-0.009,,-0.239,,,,,,,,
"Mar 13, 2009",-0.187,,-0.251,,,,,,,,
"Mar 15, 2009",,,-0.253,,,,,,,,
"Mar 20, 2009",,,-0.262,,,,,,,,
"Mar 21, 2009",,,-0.264,,,,,,,,
"Mar 29, 2009",-0.217,,-0.276,,,,,,,,
"Apr 6, 2009",,,-0.287,,,,,,,,
"Apr 14, 2009",,,-0.298,,,,,,,,
"Apr 20, 2009",,,-0.305,,,,,,,,
"Apr 22, 2009",,,-0.307,,,,,,,,
"Apr 30, 2009",-0.277,,-0.316,,,,,,,,
"May 16, 2009",-0.228,,-0.329,,,,,,,,
"May 24, 2009",,,-0.334,,,,,,,,
"May 27, 2009",,,-0.336,,,,,,,,
"Jun 1, 2009",,,-0.339,,,,,,,,
"Jun 9, 2009",-0.276,,-0.343,,,,,,,,
"Jun 17, 2009",-0.353,,-0.346,,,,,,,,
"Jun 25, 2009",-0.364,,-0.349,,,,,,,,
"Jul 2, 2009",,,-0.351,,,,,,,,
"Jul 3, 2009",-0.347,,-0.351,,,,,,,,
"Jul 11, 2009",-0.38,,-0.354,,,,,,,,
"Jul 19, 2009",-0.344,,-0.356,,,,,,,,
"Jul 27, 2009",-0.387,,-0.357,,,,,,,,
"Aug 4, 2009",-0.342,,-0.358,,,,,,,,
"Aug 8, 2009",,,-0.358,,,,,,,,
"Aug 12, 2009",,,-0.358,,,,,,,,
"Aug 20, 2009",-0.334,,-0.357,,,,,,,,
"Aug 28, 2009",-0.375,,-0.354,,,,,,,,
"Sep 5, 2009",-0.382,,-0.35,,,,,,,,
"Sep 13, 2009",,,-0.345,,,,,,,,
"Sep 13, 2009",,,-0.345,,,,,,,,
"Sep 21, 2009",-0.358,,-0.338,,,,,,,,
"Oct 7, 2009",-0.361,,-0.32,,,,,,,,
"Oct 15, 2009",,,-0.309,,,,,,,,
"Oct 20, 2009",,,-0.303,,,,,,,,
"Oct 23, 2009",-0.156,,-0.297,,,,,,,,
"Oct 31, 2009",,,-0.284,,,,,,,,
"Nov 8, 2009",-0.19,,-0.271,,,,,,,,
"Nov 16, 2009",,,-0.258,,,,,,,,
"Nov 24, 2009",-0.153,,-0.246,,,,,,,,
"Nov 25, 2009",,,-0.245,,,,,,,,
"Dec 2, 2009",,,-0.235,,,,,,,,
"Dec 10, 2009",,,-0.225,,,,,,,,
"Dec 18, 2009",,,-0.218,,,,,,,,
"Jan 1, 2010",,,-0.211,,,,,,,,
"Jan 3, 2010",,,-0.21,,,,,,,,
"Jan 11, 2010",,,-0.21,,,,,,,,
"Jan 27, 2010",-0.088,,-0.218,,,,,,,,
"Feb 6, 2010",,,-0.227,,,,,,,,
"Feb 12, 2010",,,-0.234,,,,,,,,
"Feb 20, 2010",-0.222,,-0.244,,,,,,,,
"Feb 28, 2010",-0.088,,-0.256,,,,,,,,
"Mar 15, 2010",,,-0.278,,,,,,,,
"Mar 16, 2010",-0.183,,-0.281,,,,,,,,
"Mar 24, 2010",,,-0.293,,,,,,,,
"Apr 1, 2010",-0.326,,-0.305,,,,,,,,
"Apr 9, 2010",-0.361,,-0.316,,,,,,,,
"Apr 17, 2010",-0.325,,-0.327,,,,,,,,
"Apr 20, 2010",,,-0.33,,,,,,,,
"Apr 25, 2010",-0.376,,-0.336,,,,,,,,
"May 3, 2010",-0.397,,-0.344,,,,,,,,
"May 11, 2010",,,-0.35,,,,,,,,
"May 19, 2010",-0.375,,-0.356,,,,,,,,
"May 27, 2010",,,-0.361,,,,,,,,
"Jun 12, 2010",-0.423,,-0.369,,,,,,,,
"Jun 20, 2010",-0.455,,-0.372,,,,,,,,
"Jun 28, 2010",,,-0.375,,,,,,,,
"Jul 2, 2010",,,-0.376,,,,,,,,
"Jul 6, 2010",-0.397,,-0.377,,,,,,,,
"Jul 14, 2010",-0.468,,-0.38,,,,,,,,
"Jul 22, 2010",-0.355,,-0.381,,,,,,,,
"Jul 30, 2010",-0.442,,-0.382,,,,,,,,
"Aug 7, 2010",-0.396,,-0.383,,,,,,,,
"Aug 8, 2010",,,-0.383,,,,,,,,
"Aug 15, 2010",,,-0.382,,,,,,,,
"Aug 23, 2010",-0.403,,-0.381,,,,,,,,
"Sep 13, 2010",,,-0.371,,,,,,,,
"Sep 16, 2010",-0.367,,-0.368,,,,,,,,
"Sep 24, 2010",-0.372,,-0.361,,,,,,,,
"Oct 2, 2010",,,-0.352,,,,,,,,
"Oct 10, 2010",-0.328,,-0.341,,,,,,,,
"Oct 18, 2010",-0.301,,-0.33,,,,,,,,
"Oct 20, 2010",,,-0.328,,,,,,,,
"Nov 11, 2010",-0.118,,-0.291,,,,,,,,
"Nov 25, 2010",,,-0.27,,,,,,,,
"Dec 5, 2010",,,-0.256,,,,,,,,
"Dec 13, 2010",,,-0.247,,,,,,,,
"Dec 21, 2010",,,-0.241,,,,,,,,
"Dec 29, 2010",,,-0.236,,,,,,,,
"Jan 1, 2011",,,-0.236,,,,,,,,
"Jan 6, 2011",,,-0.235,,,,,,,,
"Jan 14, 2011",,,-0.236,,,,,,,,
"Jan 22, 2011",,,-0.239,,,,,,,,
"Feb 6, 2011",,,-0.252,,,,,,,,
"Feb 7, 2011",-0.25,,-0.253,,,,,,,,
"Feb 15, 2011",,,-0.263,,,,,,,,
"Feb 23, 2011",,,-0.274,,,,,,,,
"Mar 3, 2011",-0.236,,-0.286,,,,,,,,
"Mar 11, 2011",-0.389,,-0.298,,,,,,,,
"Mar 15, 2011",,,-0.303,,,,,,,,
"Apr 4, 2011",-0.35,,-0.335,,,,,,,,
"Apr 12, 2011",-0.383,,-0.345,,,,,,,,
"Apr 20, 2011",,,-0.355,,,,,,,,
"Apr 28, 2011",,,-0.364,,,,,,,,
"May 6, 2011",-0.388,,-0.371,,,,,,,,
"May 14, 2011",,,-0.378,,,,,,,,
"May 22, 2011",-0.3,,-0.383,,,,,,,,
"May 27, 2011",,,-0.386,,,,,,,,
"May 30, 2011",-0.41,,-0.388,,,,,,,,
"Jun 7, 2011",-0.422,,-0.392,,,,,,,,
"Jun 15, 2011",,,-0.395,,,,,,,,
"Jun 23, 2011",-0.384,,-0.398,,,,,,,,
"Jul 1, 2011",-0.411,,-0.401,,,,,,,,
"Jul 2, 2011",,,-0.401,,,,,,,,
"Jul 9, 2011",-0.41,,-0.403,,,,,,,,
"Jul 17, 2011",,,-0.405,,,,,,,,
"Jul 25, 2011",-0.442,,-0.407,,,,,,,,
"Aug 2, 2011",-0.441,,-0.408,,,,,,,,
"Aug 8, 2011",,,-0.408,,,,,,,,
"Aug 10, 2011",-0.451,,-0.408,,,,,,,,
"Aug 18, 2011",,,-0.407,,,,,,,,
"Aug 26, 2011",-0.413,,-0.405,,,,,,,,
"Sep 3, 2011",-0.454,,-0.402,,,,,,,,
"Sep 11, 2011",,,-0.397,,,,,,,,
"Sep 13, 2011",,,-0.396,,,,,,,,
"Sep 19, 2011",,,-0.39,,,,,,,,
"Sep 27, 2011",-0.381,,-0.382,,,,,,,,
"Oct 13, 2011",-0.394,,-0.362,,,,,,,,
"Oct 20, 2011",,,-0.353,,,,,,,,
"Oct 29, 2011",-0.404,,-0.337,,,,,,,,
"Nov 22, 2011",,,-0.299,,,,,,,,
"Nov 25, 2011",,,-0.295,,,,,,,,
"Dec 8, 2011",,,-0.278,,,,,,,,
"Dec 24, 2011",-0.336,,-0.264,,,,,,,,
"Jan 1, 2012",,,-0.261,,,,,,,,
"Jan 9, 2012",,,-0.26,,,,,,,,
"Jan 25, 2012",-0.277,,-0.266,,,,,,,,
"Feb 6, 2012",,,-0.277,,,,,,,,
"Feb 10, 2012",,,-0.282,,,,,,,,
"Feb 26, 2012",-0.357,,-0.303,,,,,,,,
"Mar 13, 2012",,,-0.328,,,,,,,,
"Mar 14, 2012",,,-0.329,,,,,,,,
"Mar 29, 2012",,,-0.353,,,,,,,,
"Apr 14, 2012",-0.192,,-0.374,,,,,,,,
"Apr 19, 2012",,,-0.38,,,,,,,,
"Apr 30, 2012",-0.396,,-0.392,,,,,,,,
"May 26, 2012",,,-0.411,,,,,,,,
"Jun 1, 2012",,,-0.415,,,,,,,,
"Jun 17, 2012",,,-0.422,,,,,,,,
"Jun 24, 2012",,,-0.424,,,,,,,,
"Jul 2, 2012",,,-0.427,,,,,,,,
"Jul 3, 2012",-0.461,,-0.427,,,,,,,,
"Jul 19, 2012",,,-0.431,,,,,,,,
"Aug 4, 2012",,,-0.433,,,,,,,,
"Aug 7, 2012",,,-0.433,,,,,,,,
"Aug 20, 2012",-0.426,,-0.432,,,,,,,,
"Sep 5, 2012",-0.413,,-0.425,,,,,,,,
"Sep 13, 2012",,,-0.42,,,,,,,,
"Oct 7, 2012",-0.39,,-0.394,,,,,,,,
"Oct 19, 2012",,,-0.377,,,,,,,,
"Nov 8, 2012",-0.388,,-0.344,,,,,,,,
"Nov 24, 2012",,,-0.319,,,,,,,,
"Nov 25, 2012",,,-0.319,,,,,,,,
"Dec 10, 2012",-0.275,,-0.299,,,,,,,,
"Jan 1, 2013",,,-0.286,,,,,,,,
"Jan 11, 2013",,,-0.285,,,,,,,,
"Jan 27, 2013",,,-0.293,,,,,,,,
"Feb 6, 2013",,,-0.302,,,,,,,,
"Feb 12, 2013",,,-0.309,,,,,,,,
"Feb 28, 2013",-0.422,,-0.331,,,,,,,,
"Mar 15, 2013",,,-0.353,,,,,,,,
"Mar 16, 2013",-0.422,,-0.356,,,,,,,,
"Apr 9, 2013",-0.403,,-0.392,,,,,,,,
"Apr 17, 2013",,,-0.402,,,,,,,,
"Apr 20, 2013",,,-0.405,,,,,,,,
"Apr 25, 2013",-0.429,,-0.411,,,,,,,,
"May 3, 2013",-0.429,,-0.419,,,,,,,,
"May 11, 2013",-0.404,,-0.426,,,,,,,,
"May 19, 2013",,,-0.431,,,,,,,,
"May 27, 2013",,,-0.436,,,,,,,,
"May 27, 2013",-0.411,,-0.436,,,,,,,,
"Jun 4, 2013",,,-0.441,,,,,,,,
"Jun 12, 2013",-0.459,,-0.444,,,,,,,,
"Jun 20, 2013",-0.415,,-0.447,,,,,,,,
"Jun 28, 2013",-0.459,,-0.45,,,,,,,,
"Jul 2, 2013",,,-0.451,,,,,,,,
"Jul 6, 2013",-0.441,,-0.453,,,,,,,,
"Jul 14, 2013",-0.477,,-0.455,,,,,,,,
"Jul 30, 2013",-0.422,,-0.458,,,,,,,,
"Aug 8, 2013",,,-0.458,,,,,,,,
"Aug 14, 2013",,,-0.458,,,,,,,,
"Aug 15, 2013",-0.448,,-0.458,,,,,,,,
"Aug 23, 2013",-0.382,,-0.456,,,,,,,,
"Aug 30, 2013",-0.421,,-0.454,,,,,,,,
"Aug 31, 2013",-0.449,,-0.453,,,,,,,,
"Sep 8, 2013",-0.45,,-0.449,,,,,,,,
"Sep 13, 2013",,,-0.446,,,,,,,,
"Sep 16, 2013",-0.452,,-0.443,,,,,,,,
"Sep 24, 2013",,,-0.436,,,,,,,,
"Oct 2, 2013",-0.436,,-0.427,,,,,,,,
"Oct 10, 2013",-0.413,,-0.416,,,,,,,,
"Oct 18, 2013",-0.433,,-0.405,,,,,,,,
"Oct 20, 2013",,,-0.403,,,,,,,,
"Oct 26, 2013",-0.422,,-0.392,,,,,,,,
"Nov 3, 2013",,,-0.379,,,,,,,,
"Nov 11, 2013",,,-0.366,,,,,,,,
"Nov 19, 2013",,,-0.354,,,,,,,,
"Nov 25, 2013",,,-0.345,,,,,,,,
"Nov 27, 2013",,,-0.342,,,,,,,,
"Dec 5, 2013",-0.234,,-0.331,,,,,,,,
"Dec 13, 2013",,,-0.323,,,,,,,,
"Dec 21, 2013",-0.253,,-0.316,,,,,,,,
"Dec 29, 2013",-0.275,,-0.312,,,,,,,,
"Jan 1, 2014",,,-0.311,,,,,,,,
"Jan 6, 2014",,,-0.31,,,,,,,,
"Jan 14, 2014",-0.256,,-0.311,,,,,,,,
"Jan 22, 2014",-0.353,,-0.314,,,,,,,,
"Jan 30, 2014",,,-0.32,,,,,,,,
"Feb 6, 2014",,,-0.327,,,,,,,,
"Feb 7, 2014",,,-0.328,,,,,,,,
"Feb 23, 2014",-0.363,,-0.349,,,,,,,,
"Mar 11, 2014",-0.356,,-0.373,,,,,,,,
"Mar 15, 2014",,,-0.379,,,,,,,,
"Mar 19, 2014",,,-0.386,,,,,,,,
"Mar 27, 2014",-0.223,,-0.398,,,,,,,,
"Apr 12, 2014",-0.393,,-0.421,,,,,,,,
"Apr 20, 2014",,,-0.43,,,,,,,,
"Apr 20, 2014",-0.435,,-0.43,,,,,,,,
"Apr 28, 2014",-0.408,,-0.439,,,,,,,,
"May 6, 2014",,,-0.447,,,,,,,,
"May 14, 2014",-0.438,,-0.453,,,,,,,,
"May 22, 2014",-0.438,,-0.458,,,,,,,,
"May 27, 2014",,,-0.461,,,,,,,,
"May 30, 2014",-0.436,,-0.463,,,,,,,,
"Jun 7, 2014",-0.429,,-0.467,,,,,,,,
"Jun 15, 2014",-0.47,,-0.471,,,,,,,,
"Jun 23, 2014",-0.429,,-0.474,,,,,,,,
"Jul 1, 2014",-0.475,,-0.476,,,,,,,,
"Jul 2, 2014",,,-0.477,,,,,,,,
"Jul 9, 2014",,,-0.479,,,,,,,,
"Jul 17, 2014",-0.431,,-0.481,,,,,,,,
"Jul 25, 2014",-0.456,,-0.482,,,,,,,,
"Aug 2, 2014",-0.47,,-0.483,,,,,,,,
"Aug 8, 2014",,,-0.483,,,,,,,,
"Aug 10, 2014",,,-0.483,,,,,,,,
"Aug 18, 2014",-0.446,,-0.482,,,,,,,,
"Aug 26, 2014",-0.425,,-0.48,,,,,,,,
"Sep 3, 2014",-0.429,,-0.477,,,,,,,,
"Sep 11, 2014",-0.41,,-0.472,,,,,,,,
"Sep 13, 2014",,,-0.471,,,,,,,,
"Sep 18, 2014",,,-0.467,,,,,,,,
"Sep 19, 2014",-0.385,,-0.466,,,,,,,,
"Oct 5, 2014",-0.386,,-0.448,,,,,,,,
"Oct 13, 2014",,,-0.437,,,,,,,,
"Oct 20, 2014",,,-0.428,,,,,,,,
"Oct 21, 2014",-0.25,,-0.425,,,,,,,,
"Oct 29, 2014",-0.231,,-0.413,,,,,,,,
"Nov 6, 2014",,,-0.399,,,,,,,,
"Nov 14, 2014",-0.015,,-0.386,,,,,,,,
"Nov 21, 2014",,,-0.376,,,,,,,,
"Nov 25, 2014",,,-0.37,,,,,,,,
"Dec 8, 2014",,,-0.353,,,,,,,,
"Dec 16, 2014",0.064,,-0.345,,,,,,,,
"Dec 24, 2014",,,-0.339,,,,,,,,
"Jan 1, 2015",,,-0.336,,,,,,,,
"Jan 1, 2015",-0.106,,-0.336,,,,,,,,
"Jan 9, 2015",,,-0.335,,,,,,,,
"Jan 17, 2015",,,-0.337,,,,,,,,
"Jan 25, 2015",,,-0.341,,,,,,,,
"Feb 2, 2015",,,-0.348,,,,,,,,
"Feb 6, 2015",,,-0.352,,,,,,,,
"Feb 18, 2015",-0.185,,-0.367,,,,,,,,
"Feb 26, 2015",-0.216,,-0.379,,,,,,,,
"Mar 6, 2015",-0.232,,-0.391,,,,,,,,
"Mar 13, 2015",,,-0.402,,,,,,,,
"Mar 14, 2015",-0.253,,-0.403,,,,,,,,
"Mar 15, 2015",,,-0.404,,,,,,,,
"Mar 22, 2015",,,-0.416,,,,,,,,
"Mar 29, 2015",,,-0.426,,,,,,,,
"Mar 30, 2015",-0.327,,-0.428,,,,,,,,
"Apr 15, 2015",-0.331,,-0.45,,,,,,,,
"Apr 20, 2015",,,-0.455,,,,,,,,
"Apr 23, 2015",,,-0.459,,,,,,,,
"May 1, 2015",-0.368,,-0.467,,,,,,,,
"May 9, 2015",-0.354,,-0.474,,,,,,,,
"May 17, 2015",,,-0.48,,,,,,,,
"May 25, 2015",,,-0.485,,,,,,,,
"May 27, 2015",,,-0.486,,,,,,,,
"Jun 2, 2015",-0.436,,-0.49,,,,,,,,
"Jun 18, 2015",-0.461,,-0.497,,,,,,,,
"Jun 26, 2015",-0.432,,-0.5,,,,,,,,
"Jul 2, 2015",,,-0.502,,,,,,,,
"Jul 4, 2015",-0.493,,-0.502,,,,,,,,
"Jul 12, 2015",-0.463,,-0.505,,,,,,,,
"Jul 20, 2015",-0.47,,-0.506,,,,,,,,
"Jul 28, 2015",-0.473,,-0.508,,,,,,,,
"Aug 5, 2015",-0.48,,-0.508,,,,,,,,
"Aug 8, 2015",,,-0.508,,,,,,,,
"Aug 13, 2015",-0.455,,-0.508,,,,,,,,
"Aug 21, 2015",-0.445,,-0.507,,,,,,,,
"Aug 29, 2015",,,-0.504,,,,,,,,
"Sep 6, 2015",-0.351,,-0.5,,,,,,,,
"Sep 13, 2015",,,-0.496,,,,,,,,
"Sep 22, 2015",-0.371,,-0.488,,,,,,,,
"Oct 7, 2015",,,-0.471,,,,,,,,
"Oct 8, 2015",-0.371,,-0.469,,,,,,,,
"Oct 16, 2015",-0.395,,-0.458,,,,,,,,
"Oct 20, 2015",,,-0.453,,,,,,,,
"Oct 23, 2015",,,-0.447,,,,,,,,
"Oct 24, 2015",,,-0.446,,,,,,,,
"Nov 1, 2015",-0.4,,-0.433,,,,,,,,
"Nov 8, 2015",,,-0.421,,,,,,,,
"Nov 9, 2015",,,-0.42,,,,,,,,
"Nov 17, 2015",-0.35,,,,,,,,,,
"Nov 24, 2015",,,,,,,,,,,
"Nov 25, 2015",,,,,,,,,,,
"Nov 25, 2015",-0.192,,,,,,,,,,
"Dec 3, 2015",,,,,,,,,,,
"Dec 11, 2015",-0.168,,,,,,,,,,
"Dec 27, 2015",,,,,,,,,,,
"Jan 1, 2016",,,,,,,,,,,
"Jan 12, 2016",,,,,,,,,,,
"Jan 20, 2016",,,,,,,,,,,
"Jan 28, 2016",,,,,,,,,,,
"Feb 5, 2016",-0.24,,,-0.31,,,,,,,
"Feb 6, 2016",,,,-0.31,,,,,,,
"Feb 13, 2016",-0.304,,,-0.313,,,,,,,
"Feb 21, 2016",-0.33,,,-0.318,,,,,,,
"Feb 28, 2016",,,,-0.323,,,,,,,
"Feb 29, 2016",-0.327,,,-0.324,,,,,,,
"Mar 8, 2016",-0.128,,,-0.331,,,,,,,
"Mar 14, 2016",,,,-0.336,,,,,,,
"Mar 16, 2016",-0.254,,,-0.339,,,,,,,
"Mar 24, 2016",-0.338,,,-0.348,,,,,,,
"Apr 1, 2016",-0.344,,,-0.356,,,,,,,
"Apr 17, 2016",-0.374,,,-0.374,,,,,,,
"Apr 19, 2016",,,,-0.376,,,,,,,
"Apr 25, 2016",,,,-0.382,,,,,,,
"May 3, 2016",,,,-0.391,,,,,,,
"May 11, 2016",-0.401,,,-0.399,,,,,,,
"May 19, 2016",-0.42,,,-0.407,,,,,,,
"May 26, 2016",,,,-0.414,,,,,,,
"May 27, 2016",-0.39,,,-0.415,,,,,,,
"Jun 4, 2016",,,,-0.423,,,,,,,
"Jun 20, 2016",-0.424,,,-0.437,,,,,,,
"Jun 28, 2016",-0.425,,,-0.443,,,,,,,
"Jul 2, 2016",,,,-0.445,,,,,,,
"Jul 6, 2016",-0.448,,,-0.448,,,,,,,
"Jul 14, 2016",,,,-0.451,,,,,,,
"Jul 22, 2016",-0.485,,,-0.453,,,,,,,
"Jul 30, 2016",,,,-0.453,,,,,,,
"Aug 7, 2016",,,,-0.452,,,,,,,
"Aug 7, 2016",-0.508,,,-0.452,,,,,,,
"Aug 15, 2016",,,,-0.448,,,,,,,
"Aug 23, 2016",-0.48,,,-0.443,,,,,,,
"Aug 31, 2016",-0.453,,,-0.437,,,,,,,
"Sep 8, 2016",-0.443,,,-0.43,,,,,,,
"Sep 13, 2016",,,,-0.426,,,,,,,
"Sep 16, 2016",-0.415,,,-0.422,,,,,,,
"Sep 24, 2016",-0.398,,,-0.414,,,,,,,
"Oct 2, 2016",-0.393,,,-0.405,,,,,,,
"Oct 10, 2016",-0.411,,,-0.397,,,,,,,
"Oct 18, 2016",,,,-0.388,,,,,,,
"Oct 19, 2016",,,,-0.387,,,,,,,
"Oct 26, 2016",-0.384,,,-0.38,,,,,,,
"Nov 3, 2016",-0.289,,,-0.372,,,,,,,
"Nov 11, 2016",-0.293,,,-0.364,,,,,,,
"Nov 19, 2016",-0.293,,,-0.356,,,,,,,
"Nov 25, 2016",,,,-0.35,,,,,,,
"Nov 27, 2016",-0.141,,,-0.348,,,,,,,
"Dec 5, 2016",,,,-0.34,,,,,,,
"Dec 13, 2016",,,,-0.332,,,,,,,
"Dec 21, 2016",,,,-0.325,,,,,,,
"Dec 29, 2016",-0.332,,,-0.319,,,,,,,
"Jan 1, 2017",,,,-0.318,,,,,,,
"Jan 6, 2017",-0.212,,,-0.315,,,,,,,
"Jan 14, 2017",,,,-0.311,,,,,,,
"Jan 22, 2017",,,,-0.309,,,,,,,
"Jan 30, 2017",,,,-0.309,,,,,,,
"Feb 6, 2017",,,,-0.31,,,,,,,
"Feb 14, 2017",,,,-0.314,,,,,,,
"Feb 15, 2017",,,,-0.314,,,,,,,
"Feb 23, 2017",-0.307,,,-0.319,,,,,,,
"Mar 3, 2017",-0.304,,,-0.326,,,,,,,
"Mar 11, 2017",-0.316,,,-0.333,,,,,,,
"Mar 15, 2017",,,,-0.336,,,,,,,
"Mar 19, 2017",,,,-0.341,,,,,,,
"Mar 27, 2017",-0.292,,,-0.35,,,,,,,
"Apr 4, 2017",-0.345,,,-0.359,,,,,,,
"Apr 12, 2017",,,,-0.367,,,,,,,
"Apr 20, 2017",,,,-0.376,,,,,,,
"Apr 20, 2017",-0.201,,,-0.376,,,,,,,
"Apr 28, 2017",,,,-0.385,,,,,,,
"May 6, 2017",-0.409,,,-0.393,,,,,,,
"May 14, 2017",-0.415,,,-0.401,,,,,,,
"May 22, 2017",-0.432,,,-0.409,,,,,,,
"May 27, 2017",,,,-0.413,,,,,,,
"May 30, 2017",,,,-0.417,,,,,,,
"Jun 7, 2017",,,,-0.425,,,,,,,
"Jun 15, 2017",,,,-0.432,,,,,,,
"Jun 23, 2017",-0.439,,,-0.438,,,,,,,
"Jul 1, 2017",-0.432,,,-0.444,,,,,,,
"Jul 2, 2017",,,,-0.445,,,,,,,
"Jul 9, 2017",-0.466,,,-0.449,,,,,,,
"Jul 17, 2017",-0.457,,,-0.452,,,,,,,
"Jul 25, 2017",-0.47,,,-0.453,,,,,,,
"Aug 2, 2017",-0.477,,,-0.453,,,,,,,
"Aug 8, 2017",,,,-0.452,,,,,,,
"Aug 10, 2017",-0.489,,,-0.451,,,,,,,
"Aug 18, 2017",-0.452,,,-0.447,,,,,,,
"Aug 26, 2017",-0.452,,,-0.442,,,,,,,
"Sep 3, 2017",,,,-0.435,,,,,,,
"Sep 11, 2017",-0.401,,,-0.428,,,,,,,
"Sep 13, 2017",,,,-0.426,,,,,,,
"Sep 19, 2017",,,,-0.42,,,,,,,
"Sep 27, 2017",-0.395,,,-0.411,,,,,,,
"Oct 5, 2017",-0.416,,,-0.403,,,,,,,
"Oct 13, 2017",-0.403,,,-0.394,,,,,,,
"Oct 20, 2017",,,,-0.388,,,,,,,
"Oct 21, 2017",,,,-0.386,,,,,,,
"Oct 29, 2017",-0.416,,,-0.378,,,,,,,
"Nov 6, 2017",-0.404,,,-0.37,,,,,,,
"Nov 14, 2017",-0.38,,,-0.362,,,,,,,
"Nov 22, 2017",-0.377,,,-0.354,,,,,,,
"Nov 25, 2017",,,,-0.351,,,,,,,
"Nov 30, 2017",-0.389,,,-0.346,,,,,,,
"Dec 8, 2017",-0.339,,,-0.338,,,,,,,
"Dec 16, 2017",-0.378,,,-0.331,,,,,,,
"Dec 24, 2017",,,,-0.324,,,,,,,
"Jan 1, 2018",,,,-0.318,,,,,,,
"Jan 1, 2018",,,,-0.318,,,,,,,
"Jan 17, 2018",,,,-0.31,,,,,,,
"Jan 25, 2018",,,,-0.309,,,,,,,
"Feb 2, 2018",-0.314,,,-0.309,,,,,,,
"Feb 6, 2018",,,,-0.31,,,,,,,
"Feb 10, 2018",-0.355,,,-0.312,,,,,,,
"Feb 18, 2018",-0.375,,,-0.316,,,,,,,
"Mar 6, 2018",,,,-0.328,,,,,,,
"Mar 15, 2018",,,,-0.336,,,,,,,
"Mar 30, 2018",,,,-0.353,,,,,,,
"Apr 7, 2018",,,,-0.362,,,,,,,
"Apr 15, 2018",-0.406,,,-0.371,,,,,,,
"Apr 20, 2018",,,,-0.376,,,,,,,
"Apr 23, 2018",-0.376,,,-0.379,,,,,,,
"May 1, 2018",-0.376,,,-0.388,,,,,,,
"May 9, 2018",-0.392,,,-0.396,,,,,,,
"May 17, 2018",-0.383,,,-0.404,,,,,,,
"May 27, 2018",,,,-0.413,,,,,,,
"Jun 2, 2018",,,,-0.42,,,,,,,
"Jun 10, 2018",-0.411,,,-0.427,,,,,,,
"Jun 18, 2018",-0.412,,,-0.434,,,,,,,
"Jun 26, 2018",-0.456,,,-0.441,,,,,,,
"Jul 2, 2018",,,,-0.445,,,,,,,
"Jul 4, 2018",-0.443,,,-0.446,,,,,,,
"Jul 12, 2018",,,,-0.45,,,,,,,
"Jul 20, 2018",-0.45,,,-0.453,,,,,,,
"Jul 28, 2018",-0.442,,,-0.453,,,,,,,
"Aug 5, 2018",-0.454,,,-0.452,,,,,,,
"Aug 8, 2018",,,,-0.452,,,,,,,
"Aug 13, 2018",-0.506,,,-0.45,,,,,,,
"Aug 21, 2018",-0.476,,,-0.445,,,,,,,
"Aug 29, 2018",-0.482,,,-0.44,,,,,,,
"Sep 6, 2018",-0.415,,,-0.433,,,,,,,
"Sep 13, 2018",,,,-0.426,,,,,,,
"Sep 14, 2018",-0.292,,,-0.425,,,,,,,
"Sep 22, 2018",-0.396,,,-0.417,,,,,,,
"Sep 30, 2018",-0.392,,,-0.408,,,,,,,
"Oct 8, 2018",,,,-0.4,,,,,,,
"Oct 16, 2018",-0.406,,,-0.391,,,,,,,
"Oct 20, 2018",,,,-0.388,,,,,,,
"Oct 24, 2018",-0.419,,,-0.383,,,,,,,
"Nov 1, 2018",-0.373,,,-0.375,,,,,,,
"Nov 9, 2018",-0.384,,,-0.367,,,,,,,
"Nov 17, 2018",,,,-0.359,,,,,,,
"Nov 25, 2018",,,,-0.351,,,,,,,
"Nov 25, 2018",,,,-0.351,,,,,,,
"Dec 3, 2018",-0.052,,,-0.343,,,,,,,
"Dec 11, 2018",,,,-0.335,,,,,,,
"Dec 19, 2018",,,,-0.328,,,,,,,
"Dec 27, 2018",-0.14,,,-0.322,,,,,,,
"Jan 1, 2019",,,,-0.318,,,,,,,
"Jan 4, 2019",,,,-0.316,,,,,,,
"Jan 12, 2019",,,,-0.312,,,,,,,
"Jan 20, 2019",,,,-0.31,,,,,,,
"Jan 28, 2019",,,,-0.309,,,,,,,
"Feb 5, 2019",,,,-0.31,,,,,,,
"Feb 6, 2019",,,,-0.31,,,,,,,
"Feb 21, 2019",-0.188,,,-0.318,,,,,,,
"Mar 1, 2019",,,,-0.324,,,,,,,
"Mar 9, 2019",,,,-0.331,,,,,,,
"Mar 15, 2019",,,,-0.336,,,,,,,
"Mar 17, 2019",-0.32,,,-0.339,,,,,,,
"Mar 25, 2019",,,,-0.348,,,,,,,
"Apr 10, 2019",-0.324,,,-0.365,,,,,,,
"Apr 18, 2019",-0.357,,,-0.374,,,,,,,
"Apr 20, 2019",,,,-0.376,,,,,,,
"Apr 26, 2019",-0.385,,,-0.382,,,,,,,
"May 4, 2019",-0.42,,,-0.391,,,,,,,
"May 12, 2019",-0.44,,,-0.399,,,,,,,
"May 20, 2019",,,,-0.407,,,,,,,
"May 27, 2019",,,,-0.413,,,,,,,
"May 28, 2019",-0.384,,,-0.415,,,,,,,
"Jun 5, 2019",-0.468,,,-0.423,,,,,,,
"Jun 13, 2019",-0.437,,,-0.43,,,,,,,
"Jun 21, 2019",-0.441,,,-0.437,,,,,,,
"Jun 29, 2019",-0.423,,,-0.443,,,,,,,
"Jul 2, 2019",,,,-0.445,,,,,,,
"Jul 7, 2019",,,,-0.448,,,,,,,
"Jul 15, 2019",-0.451,,,-0.451,,,,,,,
"Jul 23, 2019",-0.436,,,-0.453,,,,,,,
"Jul 31, 2019",-0.41,,,-0.453,,,,,,,
"Aug 8, 2019",,,,-0.452,,,,,,,
"Aug 8, 2019",-0.399,,,-0.452,,,,,,,
"Aug 16, 2019",-0.427,,,-0.448,,,,,,,
"Aug 24, 2019",-0.393,,,-0.443,,,,,,,
"Sep 1, 2019",-0.426,,,-0.437,,,,,,,
"Sep 9, 2019",-0.403,,,-0.43,,,,,,,
"Sep 13, 2019",,,,-0.426,,,,,,,
"Sep 17, 2019",,,,-0.422,,,,,,,
"Sep 25, 2019",,,,-0.414,,,,,,,
"Oct 3, 2019",,,,-0.405,,,,,,,
"Oct 11, 2019",-0.313,,,-0.397,,,,,,,
"Oct 19, 2019",,,,-0.388,,,,,,,
"Oct 20, 2019",,,,-0.388,,,,,,,
"Oct 27, 2019",-0.339,,,-0.38,,,,,,,
"Nov 4, 2019",-0.328,,,-0.372,,,,,,,
"Nov 12, 2019",,,,-0.364,,,,,,,
"Nov 20, 2019",,,,-0.356,,,,,,,
"Nov 25, 2019",,,,-0.351,,,,,,,
"Dec 6, 2019",-0.1,,,-0.34,,,,,,,
"Dec 30, 2019",-0.279,,,-0.319,,,,,,,
"Jan 1, 2020",,,,-0.318,,,,,,,
"Jan 7, 2020",,,,-0.314,,,,,,,
"Jan 15, 2020",,,,-0.311,,,,,,,
"Jan 23, 2020",,,,-0.309,,,,,,,
"Jan 31, 2020",,,,-0.309,,,,,,,
"Feb 8, 2020",-0.284,,,-0.311,,,,,,,
"Feb 16, 2020",-0.316,,,-0.315,,,,,,,
"Feb 24, 2020",-0.33,,,-0.32,,,,,,,
"Mar 3, 2020",-0.346,,,-0.326,,,,,,,
"Mar 11, 2020",,,,-0.334,,,,,,,
"Mar 27, 2020",,,,-0.351,,,,,,,
"Apr 4, 2020",,,,-0.36,,,,,,,
"Apr 12, 2020",,,,-0.369,,,,,,,
"Apr 20, 2020",,,,-0.377,,,,,,,
"Apr 28, 2020",-0.373,,,-0.386,,,,,,,
"May 6, 2020",-0.365,,,-0.394,,,,,,,
"May 14, 2020",,,,-0.402,,,,,,,
"May 22, 2020",,,,-0.41,,,,,,,
"May 30, 2020",,,,-0.418,,,,,,,
"Jun 7, 2020",-0.425,,,-0.425,,,,,,,
"Jun 15, 2020",-0.429,,,-0.433,,,,,,,
"Jun 23, 2020",-0.417,,,-0.439,,,,,,,
"Jul 1, 2020",-0.446,,,-0.445,,,,,,,
"Jul 9, 2020",,,,-0.449,,,,,,,
"Jul 17, 2020",-0.432,,,-0.452,,,,,,,
"Jul 25, 2020",,,,-0.453,,,,,,,
"Aug 2, 2020",-0.421,,,-0.453,,,,,,,
"Aug 10, 2020",,,,-0.451,,,,,,,
"Aug 18, 2020",-0.405,,,-0.447,,,,,,,
"Aug 26, 2020",-0.402,,,-0.441,,,,,,,
"Sep 3, 2020",-0.412,,,-0.435,,,,,,,
"Sep 11, 2020",,,,-0.427,,,,,,,
"Sep 19, 2020",-0.454,,,-0.419,,,,,,,
"Sep 27, 2020",-0.426,,,-0.41,,,,,,,
"Oct 5, 2020",-0.459,,,-0.402,,,,,,,
"Oct 13, 2020",-0.414,,,-0.393,,,,,,,
"Oct 21, 2020",-0.369,,,-0.385,,,,,,,
"Oct 29, 2020",-0.291,,,-0.377,,,,,,,
"Nov 14, 2020",,,,-0.361,,,,,,,
"Nov 22, 2020",-0.325,,,-0.353,,,,,,,
"Nov 30, 2020",,,,-0.345,,,,,,,
"Dec 8, 2020",-0.364,,,,,,,,,,
"Dec 16, 2020",,,,,,,,,,,
"Dec 24, 2020",,,,,,,,,,,
